{
    "dop20geoserver" : {
        "title" : "DOP20 - GeoServer Log",
        "description" : "The Audit Log of GeoServer",
        "url" : "http://docs.geoserver.org/stable/en/user/extensions/monitoring/audit.html",
        "regex" : {
            "basic" : {
                "pattern" : "^(?<timestamp>\\d{4}-\\d{2}-\\d{2}T\\d{2}:\\d{2}:\\d{2}.\\d{0,3}\\+01)\\|(?<runtime>.*?)\\|(?<errorflag>.*?)\\|(?<hostip>.*?)\\|(?<responsetype>.*?)\\|(?<responsesize>.*?)\\|(?<remoteaddress>.*?)\\|(?<servicetype>.*?)\\|(?<serviceversion>.*?)\\|(?<serviceoperation>.*?)\\|(?<layername>.*?)\\|(?<imagewidth>.*?)\\|(?<imageheight>.*?)\\|(?<pixelsize>.*?)\\|(?<srs>.*?)\\|(?<x1>.*?)\\|(?<y1>.*?)\\|(?<x2>.*?)\\|(?<y2>.*?)$"
            }
        },
        "timestamp-field" : "timestamp",
        "value" : {
            "runtime" : {
                "kind" : "integer"
            },
            "errorflag" : {
                "kind" : "integer"
            },
            "hostip" : {
                "kind" : "string"
            },
            "responsetype" : {
                "kind" : "string"
            },
            "responsesize" : {
                "kind" : "integer"
            },
            "remoteaddress" : {
                "kind" : "string"
            },
            "servicetype" : {
                "kind" : "string"
            },
            "serviceversion" : {
                "kind" : "string"
            },
            "serviceoperation" : {
                "kind" : "string"
            },
            "layername" : {
                "kind" : "string"
            },
            "imagewidth" : {
                "kind" : "integer"
            },
            "imageheight" : {
                "kind" : "integer"
            },
            "pixelsize" : {
                "kind" : "float"
            },
            "srs" : {
                "kind" : "string"
            },
            "x1" : {
                "kind" : "float"
            },
            "y1" : {
                "kind" : "float"
            },
            "x2" : {
                "kind" : "float"
            },
            "y2" : {
                "kind" : "float"
            }
        },
        "sample" : [
            {
                "line" : "2017-12-28T14:42:31.201+01|349|success|10.6.7.24|application/zip|1127831|10.6.7.53|WPS|1.0.0|Execute|bev:deflate|144|130|18720|EPSG:31255|234729|245291|234873|245421"
            }
        ]
    }
}

